pgn,packNumber,name,startByte,startBit,bitLength,signed,a,b,unitType,meanings,getMeaning,decoder,answerOnly,var,varName,cVar,cType,nodata,condition,postHook
3,,SPN,0,0,16,,,,,,,,,,,,,,,
4,,SPN,0,0,16,,,,,,,,,,,,,,,
4,,Значение,2,0,32,,,,,,,,,,,,,,,
5,,SPN,0,0,16,,,,,,,,,,,,,,,
5,,Значение,2,0,32,,,,,,,,,,,,,,,
6,,Pgn,0,0,16,,,,,,pgn_name,,,,,,,,,
7,,Команда,0,0,8,,,,,0=Стереть конфигурацию|1=Запись параметра в ОЗУ|2=Запись всех параметров во Flash|3=Чтение параметра по номеру|4=Успешный ответ на запрос|5=Невозможно выполнить,,,,,,,,,,
7,,Запрошенная команда,1,0,8,,,,,0=Стереть конфигурацию|1=Запись параметра в ОЗУ|2=Запись всех параметров во Flash|3=Чтение параметра по номеру|255=,,,,,,,,,,
7,,Параметр,2,0,16,,,,,,param_name,,,,,,,,,
7,,Value,4,0,32,,,,,,,,TRUE,,,,,,,
8,,Команда,0,0,4,,,,,0=Стереть ЧЯ|3=Чтение ЧЯ|4=Ответ|6=Чтение параметра (из paramsname.h),,,,,,,,,,
8,,Тип:,0,4,2,,,,,0=Общие данные|1=Неисправности,,,,,,,,,,
8,,Номер пары,,0,,,,,,,,bb_pair_number,,,,,,,,
8,,Номер параметра,,0,,,,,,,,bb_param_number_req,,,,,,,,
8,,Число пар,,0,,,,,,,,bb_pair_count,,,,,,,,
8,,Номер параметра,,0,,,,,,,,bb_param_number_ans,,,,,,,,
8,,Значение параметра,,0,,,,,,,,bb_param_value,TRUE,,,,,,,
9,,Текущий ШИМ,,0,16,,0.01,,Percent,,,,,133,,,,,,
10,,Стадия,0,0,8,,,,,Stages,,,,1,,,,,,
10,,Режим,1,0,8,,,,,,,,,2,,,,,,
10,,Код неисправности,2,0,8,,,,,,error_code,,,24,,,,,,
10,,Помпа неисправна,3,0,2,,,,,YesNo,,,,,,,,,,
10,,Код предупреждения,4,0,8,,,,,,,,,,,,,,,
10,,Количество морганий,5,0,8,,,,,,,,,25,,,,,,
10,,Желаемый режим мощности,6,0,8,,,,,,,,,132,,,,,,
10,,Вариант розжига,7,0,4,,,,,,,,,,,,,,,
10,,Число срывов пламени,7,4,4,,,,,,,,,,,,,,,
11,,Напряжение питания,0,0,16,,0.1,,Volt,,,,,5,,,,,,
11,,Атмосферное давление,2,0,8,,,,Pressure,,,,,,,,,,,
11,,"Ток двигателя, значения АЦП",3,0,16,,,,,,,,,,,,,,,
11,,"Ток двигателя, мА",5,0,16,,0.001,,Current,,,,,128,,,,,,
12,,Заданные обороты нагнетателя,0,0,8,,,,Rps,,,,,15,,,,,,
12,,Измеренные обороты нагнетателя,1,0,8,,,,Rps,,,,,16,,,,,,
12,,Заданная частота ТН,2,0,16,,0.01,,Frequency,,,,,17,,,,,,
12,,Реализованная частота ТН,4,0,16,,0.01,,Frequency,,,,,18,,,,,,
12,,Мощность свечи,6,0,8,,,,Percent,,,,,21,,,,,,
12,,Состояние помпы,7,0,2,,,,,OnOff,,,,46,,,,,,
12,,Состояние реле печки кабины,7,2,2,,,,,OnOff,,,,45,,,,,,
12,,Состояние канала сигнализации,7,4,2,,,,,OnOff,,,,47,,,,,,
13,,Температура ИП,0,0,16,TRUE,,,Temp,,,,,6,,,,,,
13,,Температура платы/процессора,2,0,8,,,-75,Temp,,,,,59,,,,,,
13,,Температура жидкости,3,0,8,,,-75,Temp,,,,,40,,,,,,
13,,Температура перегрева,4,0,8,,,-75,Temp,,,,,41,,,,,,
14,,Минимальная температура пламени перед розжигом,0,0,16,TRUE,,,Temp,,,,,36,,,,,,
14,,Граница срыва пламени,2,0,16,TRUE,,,Temp,,,,,37,,,,,,
14,,Граница срыва пламени на прогреве,4,0,16,TRUE,,,Temp,,,,,,,,,,,
14,,Скорость изменения температуры ИП,6,0,16,TRUE,,,Temp,,,,,,,,,,,
15,,0 канал АЦП,0,0,16,,,,,,,,,49,,,,,,
15,,1 канал АЦП,2,0,16,,,,,,,,,50,,,,,,
15,,2 канал АЦП,4,0,16,,,,,,,,,51,,,,,,
15,,3 канал АЦП,6,0,16,,,,,,,,,52,,,,,,
16,,4 канал АЦП,0,0,16,,,,,,,,,53,,,,,,
16,,5 канал АЦП,2,0,16,,,,,,,,,54,,,,,,
16,,6 канал АЦП,4,0,16,,,,,,,,,55,,,,,,
16,,7 канал АЦП,6,0,16,,,,,,,,,56,,,,,,
17,,8 канал АЦП,0,0,16,,,,,,,,,57,,,,,,
17,,9 канал АЦП,2,0,16,,,,,,,,,58,,,,,,
17,,10 канал АЦП,4,0,16,,,,,,,,,,,,,,,
17,,11 канал АЦП,6,0,16,,,,,,,,,,,,,,,
18,,Вид изделия,0,0,8,,,,,,,firmware_version,,,,,,,,
18,,Дата релиза,5,0,24,,,,,,release_date,,,,,,,,,
19,1,Подогреватель,1,0,2,,,,,OnOff,,,,,,,,,,
19,1,Запрос включения помпы,1,2,2,,,,,OnOff,,,,,,,,,,
19,1,Кнопка воды (для котла),1,4,2,,,,,OnOff,,,,,,,,,,
19,1,Быстрый нагрев воды,1,6,2,,,,,OnOff,,,,,,,,,,
19,1,Помпа подогревателя статус,7,0,2,,,,,OnOff,,,,,,,,,,
19,1,Температура бака,2,0,8,,,-75,Temp,,,,,,,,,,,
19,1,Атмосферное давление,3,0,8,,,,Temp,,,,,,,,,,,
19,1,Сработал датчик бытовой воды,4,0,2,,,,,YesNo,,,,108,,,,,,
19,1,Кнопка воды (для HCU),4,2,2,,,,,OnOff,,,,,,,,,,
19,1,Доступен тёплый пол,5,6,2,,,,,OnOff,,,,,,,,,,
19,1,Доступен предпусковой подогрев,5,6,2,,,,,OnOff,,,,,,,,,,
19,1,Доп помпа 1 статус,6,0,2,,,,,OnOff,,,,,,,,,,
19,1,Доп помпа 2 статус,6,2,2,,,,,OnOff,,,,,,,,,,
19,1,Доп помпа 3 статус,6,4,2,,,,,OnOff,,,,,,,,,,
19,1,Помпа 4 статус,6,6,2,,,,,OnOff,,,,,,,,,,
19,1,Помпа 1 статус,7,2,2,,,,,OnOff,,,,,,,,,,
19,1,Помпа 2 статус,7,4,2,,,,,OnOff,,,,,,,,,,
19,1,Помпа 3 статус,7,6,2,,,,,OnOff,,,,,,,,,,
19,2,Уставка т-ры жидкости для перехода в ждущий,1,0,8,,,-75,Temp,,,,,,,,,,,
19,2,Уставка т-ры жидкости для выхода из ждущего,2,0,8,,,-75,Temp,,,,,,,,,,,
19,2,Уставка т-ры жидкости для выхода из ждущего при разборе,3,0,8,,,-75,Temp,,,,,,,,,,,
19,2,Уставка т-ры бака для перехода в ждущий,4,0,8,,,-75,Temp,,,,,,,,,,,
19,2,Уставка т-ры бака для выхода из ждущего,5,0,8,,,-75,Temp,,,,,,,,,,,
19,2,Уставка т-ры бака для выхода из ждущего при разборе,6,0,8,,,-75,Temp,,,,,,,,,,,
19,1,t_power_limiter,7,0,4,,,,,,,,,,,,,,,
19,3,Уставка т-ры для тёплого пола,1,0,8,,,-75,Temp,,,,,,,,,,,
19,3,Гистерезис работы тёплого пола,2,0,8,,,,Temp,,,,,,,,,,,
19,3,Уставка предпускового подогрева,3,0,8,,,-75,Temp,,,,,,,,,,,
19,3,Ограничение работы по времени предпускового подогрева,4,0,16,,,,Minute,,,,,,,,,,,
19,3,"Ограничение работы системы, часы",6,0,8,,,,Hour,,,,,,,,,,,
19,3,"Ограничение работы помп, минуты",7,0,8,,,,Minute,,,,,,,,,,,
19,4,Подключенная зона 1,1,0,8,,,,,0=Не подключена|1=Зависимые отопители|2=Защита от замерзания|3=Пассивное отопление,,,,,,,,,,
19,4,Подключенная зона 2,2,0,8,,,,,0=Не подключена|1=Зависимые отопители|2=Защита от замерзания|3=Пассивное отопление,,,,,,,,,,
19,4,Подключенная зона 3,3,0,8,,,,,0=Не подключена|1=Зависимые отопители|2=Защита от замерзания|3=Пассивное отопление,,,,,,,,,,
19,4,Подключенная зона 4,4,0,8,,,,,0=Не подключена|1=Зависимые отопители|2=Защита от замерзания|3=Пассивное отопление,,,,,,,,,,
19,4,Подключенная зона 5,5,0,8,,,,,0=Не подключена|1=Зависимые отопители|2=Защита от замерзания|3=Пассивное отопление,,,,,,,,,,
19,5,"Наработка ТЭНа, с",1,0,32,,,,Second,,,,,,,,,,,
19,5,Статус тёплого пола,5,0,2,,,,,OnOff,,,,,,,,,,
19,5,Статус предпускового подогрева,5,2,2,,,,,OnOff,,,,,,,,,,
19,6,Текущая температура пола,1,0,8,,,-75,Temp,,,,,,,,,,,
19,6,Текущая температура двигателя,2,0,8,,,-75,Temp,,,,,,,,,,,
19,6,Подстройка датчика зоны 1,3,0,8,,,-75,Temp,,,,,,,,,,,
19,6,Подстройка датчика зоны 2,4,0,8,,,-75,Temp,,,,,,,,,,,
19,6,Подстройка датчика зоны 3,5,0,8,,,-75,Temp,,,,,,,,,,,
19,6,Подстройка датчика зоны 4,6,0,8,,,-75,Temp,,,,,,,,,,,
19,6,Подстройка датчика зоны 5,7,0,8,,,-75,Temp,,,,,,,,,,,
20,,Код неисправности,0,0,8,,,,,,,,,,,,,,,
20,,Количество морганий,1,0,8,,,,,,,,,,,,,,,
20,,Байт неисправностей 1,2,0,8,,,,,,,,,,,,,,,
20,,Байт неисправностей 2,3,0,8,,,,,,,,,,,,,,,
20,,Байт неисправностей 3,4,0,8,,,,,,,,,,,,,,,
20,,Байт неисправностей 4,5,0,8,,,,,,,,,,,,,,,
20,,Байт неисправностей 5,6,0,8,,,,,,,,,,,,,,,
20,,Байт неисправностей 6,7,0,8,,,,,,,,,,,,,,,
21,,Опорное напряжение процессора,0,0,8,,0.1,,Volt,,,,,,,,,,,
21,,Температура процессора,1,0,8,,,-75,Temp,,,,,,,,,,,
21,,Температура бака,2,0,8,,,-75,Temp,,,,,106,,,,,,
21,,Температура теплообменника,3,0,8,,,-75,Temp,,,,,,,,,,,
21,,Температура наружного воздуха,4,0,8,,,-75,Temp,,,,,107,,,,,,
21,,Иконка подогревателя,5,0,8,,,,,0=Ожидание|1=Продувка|2=Розжиг|3=Работа на мощности,,,,,,,,,,
21,,Уровень жидкости в баке,6,0,8,,,,,,,,,105,,,,,,
21,,Режим хранения,7,0,2,,,,,YesNo,,,,,,,,,,
21,,ТЭН активен,7,2,2,,,,,YesNo,,,,,,,,,,
21,,ТЭН отключен,7,4,2,,,,,YesNo,,,,,,,,,,
22,,Зона 1,0,0,2,,,,,OnOff,,,,65,,,,,,
22,,Зона 2,0,2,2,,,,,OnOff,,,,66,,,,,,
22,,Зона 3,0,4,2,,,,,OnOff,,,,67,,,,,,
22,,Зона 4,0,6,2,,,,,OnOff,,,,68,,,,,,
22,,Зона 5,1,0,2,,,,,OnOff,,,,69,,,,,,
22,,Температура зоны 1,2,0,8,,,-75,Temp,,,,,70,,,,,,
22,,Температура зоны 2,3,0,8,,,-75,Temp,,,,,71,,,,,,
22,,Температура зоны 3,4,0,8,,,-75,Temp,,,,,72,,,,,,
22,,Температура зоны 4,5,0,8,,,-75,Temp,,,,,73,,,,,,
22,,Температура зоны 5,6,0,8,,,-75,Temp,,,,,74,,,,,,
22,,Кнопка Подогреватель,7,0,2,,,,,OnOff,,,,119,,,,,,
22,,Кнопка ТЭН,7,2,2,,,,,OnOff,,,,120,,,,,,
22,,Кнопка Тёплый пол,7,4,2,,,,,OnOff,,,,,,,,,,
22,,Кнопка Предпусковой подогрев,7,5,2,,,,,OnOff,,,,,,,,,,
23,,Зад. ШИМ вентилятора зоны 1,0,0,8,,,,Percent,,,,,100,,,,,,
23,,Зад. ШИМ вентилятора зоны 2,1,0,8,,,,Percent,,,,,101,,,,,,
23,,Зад. ШИМ вентилятора зоны 3,2,0,8,,,,Percent,,,,,102,,,,,,
23,,Зад. ШИМ вентилятора зоны 4,3,0,8,,,,Percent,,,,,103,,,,,,
23,,Зад. ШИМ вентилятора зоны 5,4,0,8,,,,Percent,,,,,104,,,,,,
24,,Ступень вентилятора зоны 1,0,0,4,,,,,,,,,,,,,,,
24,,Ступень вентилятора зоны 2,0,4,4,,,,,,,,,,,,,,,
24,,Ступень вентилятора зоны 3,1,0,4,,,,,,,,,,,,,,,
24,,Ступень вентилятора зоны 4,1,4,4,,,,,,,,,,,,,,,
24,,Ступень вентилятора зоны 5,2,0,4,,,,,,,,,,,,,,,
24,,Тек. ШИМ вентилятора зоны 1,3,0,8,,,,Percent,,,,,95,,,,,,
24,,Тек. ШИМ вентилятора зоны 2,4,0,8,,,,Percent,,,,,96,,,,,,
24,,Тек. ШИМ вентилятора зоны 3,5,0,8,,,,Percent,,,,,97,,,,,,
24,,Тек. ШИМ вентилятора зоны 4,6,0,8,,,,Percent,,,,,98,,,,,,
24,,Тек. ШИМ вентилятора зоны 5,7,0,8,,,,Percent,,,,,99,,,,,,
25,,Дневная уставка зоны 1,0,0,8,,,-75,Temp,,,,,75,,,,,,
25,,Дневная уставка зоны 2,1,0,8,,,-75,Temp,,,,,76,,,,,,
25,,Дневная уставка зоны 3,2,0,8,,,-75,Temp,,,,,77,,,,,,
25,,Дневная уставка зоны 4,3,0,8,,,-75,Temp,,,,,78,,,,,,
25,,Дневная уставка зоны 5,4,0,8,,,-75,Temp,,,,,79,,,,,,
26,,Ночная уставка зоны 1,0,0,8,,,-75,Temp,,,,,80,,,,,,
26,,Ночная уставка зоны 2,1,0,8,,,-75,Temp,,,,,81,,,,,,
26,,Ночная уставка зоны 3,2,0,8,,,-75,Temp,,,,,82,,,,,,
26,,Ночная уставка зоны 4,3,0,8,,,-75,Temp,,,,,83,,,,,,
26,,Ночная уставка зоны 5,4,0,8,,,-75,Temp,,,,,84,,,,,,
27,,Ручная уставка ШИМ зоны 1,0,0,8,,,,Percent,,,,,90,,,,,,
27,,Ручная уставка ШИМ зоны 2,1,0,8,,,,Percent,,,,,91,,,,,,
27,,Ручная уставка ШИМ зоны 3,2,0,8,,,,Percent,,,,,92,,,,,,
27,,Ручная уставка ШИМ зоны 4,3,0,8,,,,Percent,,,,,93,,,,,,
27,,Ручная уставка ШИМ зоны 5,4,0,8,,,,Percent,,,,,94,,,,,,
27,,Зона 1 Ручной режим,5,0,2,,,,,OnOff,,,,85,,,,,,
27,,Зона 2 Ручной режим,5,2,2,,,,,OnOff,,,,86,,,,,,
27,,Зона 3 Ручной режим,5,4,2,,,,,OnOff,,,,87,,,,,,
27,,Зона 4 Ручной режим,5,6,2,,,,,OnOff,,,,88,,,,,,
27,,Зона 5 Ручной режим,6,0,2,,,,,OnOff,,,,89,,,,,,
28,,Общее время на всех режимах,0,0,32,,,,Second,,,,,,,,,,,
28,,Общее время работы (кроме ожидания),4,0,32,,,,Second,,,,,,,,,,,
29,1,Атмосферное давление,1,0,8,,,,Pressure,,,,,,,,,,,
29,1,Среднее максимальное значение давления,2,0,24,,0.001,,Pressure,,,,,,,,,,,
29,1,Среднее минимальное значение давления,4,0,24,,0.001,,Pressure,,,,,,,,,,,
29,2,Разница между max и min значениями,1,0,16,,0.01,,Pressure,,,,,,,,,,,
29,2,Флаг появления пламени по пульсации,3,0,2,,,,,YesNo,,,,,,,,,,
29,2,Использовать датчик для определения горения,3,2,2,,,,,YesNo,,,,,,,,,,
29,2,Использовать датчик для топливной коррекции,3,4,2,,,,,YesNo,,,,,,,,,,
29,2,Атмосферное давление,4,0,24,,0.001,,Pressure,,,,,60,,,,,,
31,,Время работы,0,0,32,,,,Second,,,,,3,,,,,,
31,,Время работы на режиме,4,0,32,,,,Second,,,,,4,,,,,,
32,,t_work_time_minutes,0,0,16,,,,Minute,,,,,,,,,,,
32,,t_heater_mode,2,0,4,,,,,0=t_regular|1=t_eco|2=t_additional_heater|3=t_heating|4=t_heating_systems,,,,,,,,,,
40,,t_year,0,0,8,,,,Year,,,,,118,,,,,,
40,,t_month,1,0,8,,,,Month,,,,,117,,,,,,
40,,t_day,2,0,8,,,,Day,,,,,116,,,,,,
40,,t_hour,3,0,8,,,,Hour,,,,,115,,,,,,
40,,t_minute,4,0,8,,,,Minute,,,,,114,,,,,,
40,,t_second,5,0,8,,,,Second,,,,,113,,,,,,
41,,t_day_start_hour,0,0,8,,,,Hour,,,,,,,,,,,
41,,t_day_start_minute,1,0,8,,,,Minute,,,,,,,,,,,
41,,t_night_start_hour,2,0,8,,,,Hour,,,,,,,,,,,
41,,t_hight_start_minute,3,0,8,,,,Minute,,,,,,,,,,,
41,,t_daytime_backlight,4,0,8,,,,Percent,,,,,,,,,,,
41,,t_nighttime_backlight,5,0,8,,,,Percent,,,,,,,,,,,
41,,t_display_sleep_time,6,0,16,,,,Second,,,,,,,,,,,
42,,t_pump_heater_btn,0,0,8,,,,,OnOff,,,,,,,,,,
42,,t_pump_1_btn,1,0,8,,,,,OnOff,,,,,,,,,,
42,,t_pump_2_btn,2,0,8,,,,,OnOff,,,,,,,,,,
42,,t_pump_3_btn,3,0,8,,,,,OnOff,,,,,,,,,,
42,,t_pump_aux_1_btn,4,0,8,,,,,OnOff,,,,,,,,,,
42,,t_pump_aux_2_btn,5,0,8,,,,,OnOff,,,,,,,,,,
42,,t_pump_aux_3_btn,6,0,8,,,,,OnOff,,,,,,,,,,
43,,t_channel1_pwm_value,0,0,16,,,,,,,,,,,,,,,
43,,t_channel2_pwm_value,2,0,16,,,,,,,,,,,,,,,
43,,t_channel3_pwm_value,4,0,16,,,,,,,,,,,,,,,
43,,t_channel4_pwm_value,6,0,16,,,,,,,,,,,,,,,
44,,t_channel1_pwm_value,0,0,16,,,,,,,,,,,,,,,
44,,t_channel2_pwm_value,2,0,16,,,,,,,,,,,,,,,
44,,t_channel3_pwm_value,4,0,16,,,,,,,,,,,,,,,
44,,t_channel4_pwm_value,6,0,16,,,,,,,,,,,,,,,
45,,t_channel1_temperature,0,0,16,TRUE,0.1,,Temp,,,,,,,,,,,
45,,t_channel2_temperature,2,0,16,TRUE,0.1,,Temp,,,,,,,,,,,
45,,t_channel3_temperature,4,0,16,TRUE,0.1,,Temp,,,,,,,,,,,
45,,t_channel4_temperature,6,0,16,TRUE,0.1,,Temp,,,,,,,,,,,
46,,t_error_code1,0,0,8,,,,,,error_code,,,,,,,,,
46,,t_error_code2,1,0,8,,,,,,error_code,,,,,,,,,
46,,t_error_code3,2,0,8,,,,,,error_code,,,,,,,,,
46,,t_error_code4,3,0,8,,,,,,error_code,,,,,,,,,
46,,t_error_code5,4,0,8,,,,,,error_code,,,,,,,,,
46,,t_error_code6,5,0,8,,,,,,error_code,,,,,,,,,
46,,t_error_code7,6,0,8,,,,,,error_code,,,,,,,,,
46,,t_error_code8,7,0,8,,,,,,error_code,,,,,,,,,
47,,t_fuel_pump_overriden,0,0,2,,,,,YesNo,,,,,,,,,,
47,,t_relay_overriden,0,2,2,,,,,YesNo,,,,,,,,,,
47,,t_glow_plug_overriden,0,4,2,,,,,YesNo,,,,,,,,,,
47,,t_pump_overriden,0,6,2,,,,,YesNo,,,,,,,,,,
47,,t_blower_overriden,1,0,2,,,,,YesNo,,,,,,,,,,
47,,t_pump_state,2,0,2,,,,,OnOff,,,,,,,,,,
47,,t_relay_state,2,2,2,,,,,OnOff,,,,,,,,,,
47,,t_overriden_blower_revs,3,0,8,,,,Rps,,,,,,,,,,,
47,,t_overriden_glow_plug_power,4,0,8,,,,Percent,,,,,,,,,,,
47,,t_overriden_fuel_pump_frequency,5,0,16,,0.01,,Frequency,,,,,,,,,,,
49,,t_load_channel1,0,0,2,,,,,0=t_off|1=t_toggle|2=t_pwm,,,,,,,,,,
49,,t_load_channel2,0,2,2,,,,,0=t_off|1=t_toggle|2=t_pwm,,,,,,,,,,
49,,t_load_channel3,0,4,2,,,,,0=t_off|1=t_toggle|2=t_pwm,,,,,,,,,,
50,1,t_compressor_control_type,1,0,8,,,,,0=t_pwm|1=t_revolutions|2=t_power,,,,,,,,,,
50,1,t_compressor_rev_set,2,0,8,,,,Rps,,,,,134,,,,,,
50,1,t_compressor_rev_measured,3,0,8,,,,Rps,,,,,135,,,,,,
50,1,t_compressor_pwm_set,4,0,16,,0.01,,Percent,,,,,146,,,,,,
50,1,t_compressor_power_set,6,0,16,,,,Power,,,,,,,,,,,
50,2,t_compressor_current,1,0,16,,0.01,,Current,,,,,138,,,,,,
50,2,t_condensor_current,3,0,16,,0.01,,Current,,,,,139,,,,,,
50,2,t_mcu_temp,5,0,8,,,-75,Temp,,,,,59,,,,,,
50,2,t_pcb_temp,6,0,8,,,-75,Temp,,,,,145,,,,,,
50,3,t_high_pressure,1,0,16,,0.01,,Pressure,,,,,141,,,,,,
50,3,t_low_pressure,3,0,16,,0.01,,Pressure,,,,,142,,,,,,
50,3,t_ac_press_sensor,5,0,8,,,,,Allow,,,,,,,,,,
50,4,t_condensor_control_type,1,0,8,,,,,0=t_pwm|1=t_revolutions|2=t_power,,,,,,,,,,
50,4,t_condensor_rev_set,2,0,8,,,,Rps,,,,,,,,,,,
50,4,t_condensor_rev_measured,3,0,8,,,,Rps,,,,,,,,,,,
50,4,t_condensor_pwm_set,4,0,16,,0.01,,Percent,,,,,136,,,,,,
50,4,t_condensor_power_set,6,0,16,,0.01,,Power,,,,,,,,,,,
51,1,t_ac_mode,1,0,8,,,,,0=t_off|1=t_cool|2=t_dry|3=t_eco|4=t_night|5=t_power|6=t_manual,,,,,,,,,,
51,1,t_ac_temp_setpoint,2,0,8,,,-75,Temp,,,,,143,,,,,,
51,1,t_ac_fan_mode,3,0,8,,,,,0=t_auto|1=t_1st_speed|2=t_2nd_speed|3=t_3rd_speed|4=t_4th_speed|5=t_5th_speed,,,,144,,,,,,
51,1,t_ac_panel_current,4,0,16,,0.01,,Current,,,,,140,,,,,,
51,2,t_evap_control_type,1,0,8,,,,,0=t_pwm|1=t_revolutions|2=t_power,,,,,,,,,,
51,2,t_evap_rev_set,2,0,8,,,,Rps,,,,,,,,,,,
51,2,t_evap_rev_measured,3,0,8,,,,Rps,,,,,,,,,,,
51,2,t_evap_pwm_set,4,0,16,,0.01,,Percent,,,,,137,,,,,,
51,2,t_evap_power_set,6,0,16,,0.01,,Power,,,,,,,,,,,
51,3,t_ac_cabin_air_t,1,0,16,TRUE,0.01,,Temp,,,,,149,,,,,,
51,3,t_ac_evap_t,3,0,16,TRUE,0.01,,Temp,,,,,148,,,,,,
51,3,t_ac_aux1_t,5,0,16,TRUE,0.01,,Temp,,,,,150,,,,,,
52,,t_ac_man_evap_pwm_set,1,0,16,,0.01,,Percent,,,,,,,,,,,
52,,t_ac_man_cond_pwm_set,3,0,16,,0.01,,Percent,,,,,,,,,,,
52,,t_ac_man_comp_pwm_set,5,0,16,,0.01,,Percent,,,,,,,,,,,
55,,t_tank1_level,0,0,8,,,,Percent,,,,,,,,,,,
55,,t_tank2_level,1,0,8,,,,Percent,,,,,,,,,,,
55,,t_tank3_level,2,0,8,,,,Percent,,,,,,,,,,,
55,,t_tank4_level,3,0,8,,,,Percent,,,,,,,,,,,
55,,t_tank1_content,4,0,4,,,,,0=t_off|1=t_white_tank|2=t_grey_tank|3=t_black_tank|4=t_fuel_tank,,,,,,,,,,
55,,t_tank1_resistance,4,4,4,,,,,0=t_0-190_ohm|1=t_240-33_ohm|2=t_short_full|3=t_open_full,,,,,,,,,,
55,,t_tank2_content,5,0,4,,,,,0=t_off|1=t_white_tank|2=t_grey_tank|3=t_black_tank|4=t_fuel_tank,,,,,,,,,,
55,,t_tank2_resistance,5,4,4,,,,,0=t_0-190_ohm|1=t_240-33_ohm|2=t_short_full|3=t_open_full,,,,,,,,,,
55,,t_tank3_content,6,0,4,,,,,0=t_off|1=t_white_tank|2=t_grey_tank|3=t_black_tank|4=t_fuel_tank,,,,,,,,,,
55,,t_tank3_resistance,6,4,4,,,,,0=t_0-190_ohm|1=t_240-33_ohm|2=t_short_full|3=t_open_full,,,,,,,,,,
55,,t_tank4_content,7,0,4,,,,,0=t_off|1=t_white_tank|2=t_grey_tank|3=t_black_tank|4=t_fuel_tank,,,,,,,,,,
55,,t_tank4_resistance,7,4,4,,,,,0=t_0-190_ohm|1=t_240-33_ohm|2=t_short_full|3=t_open_full,,,,,,,,,,
57,,t_power_limiter,0,0,4,,,,,,,,,,,,,,,
99,,t_channel_pwm1,1,0,8,,,,Percent,,,,,,,,,,,
99,,t_channel_pwm2,2,0,8,,,,Percent,,,,,,,,,,,
99,,t_channel_pwm3,3,0,8,,,,Percent,,,,,,,,,,,
99,1,t_temperature_1,1,0,16,TRUE,,,Temp,,,,,129,,,,,,
99,1,t_temperature_2,3,0,16,TRUE,,,Temp,,,,,130,,,,,,
99,,t_pressure,5,0,24,,0.001,,Pressure,,,,,131,,,,,,
100,2,Начальный адрес,1,0,24,,,,,,hex_address,,,,,,,,,
100,2,Длина данных,4,0,32,,,,,,,,,,,,,,,
100,4,Длина данных,1,0,24,,,,,,,,,,,,,,,
100,4,CRC,4,0,32,,,,,,hex_crc,,,,,,,,,
100,5,Адрес фрагмента,2,0,32,,,,,,hex_fragment,,,,,,,,,
101,,Первое слово,0,0,32,,,,,,hex_value,,,,,,,,,
101,,Второе слово,4,0,32,,,,,,hex_value,,,,,,,,,
